Titre,Description,Lien,Image SRC
Le pape demande la libération des six religieuses enlevées à Port-au-Prince,"Le pape François a appelé dimanche à la libération d'un groupe de huit personnes, dont six religieuses, enlevées en Haïti, pays ravagé par la violence des gangs.",/article/246446/le-pape-demande-la-liberation-des-six-religieuses-enlevees-a-port-au-prince,https://cdn.lenouvelliste.com/shared/skeleton-image.webp
"Attaques armées et images de peyi lòk à Port-au-Prince, manifestations en province",Port-au-Prince s’est réveillée sous tension ce jeudi 18 janvier 2024.,/article/246403/attaques-armees-et-images-de-peyi-lok-a-port-au-prince-manifestations-en-province,https://cdn.lenouvelliste.com/shared/skeleton-image.webp
"Des annonces et des promesses pour favoriser une sortie de crise en Haïti, lors de la réunion de l’OIF","La 4e réunion du Comité ad hoc consultatif restreint sur la situation en Haïti de l’Organisation internationale de la francophonie (OIF) s’est tenue le jeudi 18 janvier 2024, à Paris. À l’initiative de la secrétaire générale de l’OIF Louise Mushikiwabo, cette rencontre a rassemblé les représentants des États et gouvernements membres de la Francophonie, dont la ministre de la Justice et de la Sécurité d’Haïti, Emmelie Prophète Milcé.",/article/246406/des-annonces-et-des-promesses-pour-favoriser-une-sortie-de-crise-en-haiti-lors-de-la-reunion-de-loif,https://cdn.lenouvelliste.com/shared/skeleton-image.webp
"Pas de discussions réelles en vue de la sortie de crise, le Collectif du 30 janvier dénonce une campagne de propagande du pouvoir","À 21 jours du 7 février 2024, date de la transmission du pouvoir à des élus, selon les termes de l’accord du 21 décembre 2022, il n’y a toujours pas d’initiatives concrètes pouvant permettre d’aboutir à un dégel de la crise haïtienne.",/article/246409/pas-de-discussions-reelles-en-vue-de-la-sortie-de-crise-le-collectif-du-30-janvier-denonce-une-campagne-de-propagande-du-pouvoir,https://cdn.lenouvelliste.com/shared/skeleton-image.webp
Les États-Unis et le BINUH présentent le bilan de leur participation à la réunion de l’OIF,"Des acteurs clés intéressés par la résolution de la crise haïtienne ont participé, le jeudi 18 janvier 2024, à Paris, à la réunion du Comité ad hoc consultatif restreint sur la situation haïtienne convoquée par la secrétaire générale de l’Organisation internationale de la Francophonie (OIF). Lors de cette importante rencontre, plusieurs de ces acteurs ont présenté leur vision de la crise et des mécanismes à mettre en œuvre pour aider les Haïtiens à trouver une issue.",/article/246411/les-etats-unis-et-le-binuh-presentent-le-bilan-de-leur-participation-a-la-reunion-de-loif,https://cdn.lenouvelliste.com/shared/skeleton-image.webp
Ron DeSantis abandonne la course à la Maison Blanche et soutiendra Trump,"Le gouverneur de Floride Ron DeSantis, un temps perçu comme le principal rival de Donald Trump sur sa route vers l'investiture républicaine, a annoncé dimanche jeter l'éponge et se rallier derrière le milliardaire en vue de la présidentielle de novembre.",/article/246449/ron-desantis-abandonne-la-course-a-la-maison-blanche-et-soutiendra-trump,https://cdn.lenouvelliste.com/shared/skeleton-image.webp
"« Un accord politique n'est pas nécessairement une condition préalable pour le déploiement de la MMAS », selon Maria Isabel Salvador","L’accord politique souhaité par la communauté internationale depuis l’assassinat de l’ex-président Jovenel Moïse n’est pas obligatoire en vue du déploiement de la Mission multinationale d’appui à la sécurité (MMAS), c’est ce qu’a soutenu Maria Isabel Salvador, représentante spéciale du secrétaire général des Nations unies en Haïti et cheffe du Bureau intégré des Nations unies en Haïti (BINUH), à la  réunion du Comité ad hoc consultatif restreint sur la situation en Haïti, le 18 janvier 2024. À cette réunion, Mme Salvador a évoqué la situation de la Police nationale d’Haïti (PNH) et les mises en place à faire en prévision de l’arrivée de la MMAS.",/article/246434/un-accord-politique-nest-pas-necessairement-une-condition-prealable-pour-le-deploiement-de-la-mmas-selon-maria-isabel-salvador,https://cdn.lenouvelliste.com/shared/skeleton-image.webp
Sanctions onusiennes: le panel des experts en mission à Port-au-Prince,Les quatre membres du panel des experts des Nations-Unies sur les sanctions ont séjourné en Haïti cette semaine.,/article/246443/sanctions-onusiennes-le-panel-des-experts-en-mission-a-port-au-prince,https://cdn.lenouvelliste.com/shared/skeleton-image.webp
Augmentation des plaies par balle dans les hôpitaux,"Comme à chaque période de grandes turbulences politiques ces dernières années, les gangs armés ont fait parler la poudre, entraînant une nette augmentation des plaies par balle dans les principaux hôpitaux de l'aire métropolitaine de Port-au-Prince.",/article/246436/augmentation-des-plaies-par-balle-dans-les-hopitaux,https://cdn.lenouvelliste.com/shared/skeleton-image.webp
Haïti n'a pas besoin de nouvelles promesses,Les troubles des derniers jours confirment combien la situation en Haïti est explosive.,/article/246444/haiti-na-pas-besoin-de-nouvelles-promesses,https://cdn.lenouvelliste.com/shared/skeleton-image.webp
Six religieuses de la Congrégation des sœurs de Ste-Anne enlevées à Port-au-Prince,"Alors qu’elles se trouvaient dans un autobus, six religieuses de la Congrégation des sœurs de Ste-Anne et d’autres occupants du véhicule ont été enlevées le vendredi 19 janvier à Port-au-Prince.",/article/246425/six-religieuses-de-la-congregation-des-soeurs-de-ste-anne-enlevees-a-port-au-prince,https://cdn.lenouvelliste.com/shared/skeleton-image.webp
Maria Isabel Salvador dresse le portrait des prisons haïtiennes à la réunion de l’Organisation internationale de la francophonie,"Maria Isabel Salvador, représentante spéciale du secrétaire général des Nations unies en Haïti et cheffe du Bureau intégré des Nations unies en Haïti (BINUH), a évoqué, à la réunion du Comité ad hoc consultatif restreint sur la situation en Haïti de l’Organisation internationale de la francophonie (OIF), le jeudi 18 janvier 2024, la situation carcérale à l’approche d’un éventuel déploiement de la Mission multinationale d’appui à la sécurité (MMAS). Dans son intervention Mme Salvador a dressé le portrait d’un secteur pénitentiaire en crise et souvent « invisibilisé ».",/article/246435/maria-isabel-salvador-dresse-le-portrait-des-prisons-haitiennes-a-la-reunion-de-lorganisation-internationale-de-la-francophonie,https://cdn.lenouvelliste.com/shared/skeleton-image.webp
La société du Rhum Barbancourt part en guerre contre la contrefaçon,"Suite à la découverte de plusieurs bouteilles du Rhum Barbancourt trois étoiles issues de la contrefaçon sur le marché, la société du Rhum Barbancourt a présenté, le vendredi 19 janvier 2024, lors d’une conférence de presse, les résultats de ses analyses sur ce produit contrefait qui se relève en dehors des normes et des standards internationaux.",/article/246438/la-societe-du-rhum-barbancourt-part-en-guerre-contre-la-contrefacon,https://cdn.lenouvelliste.com/shared/skeleton-image.webp
Le MENFP s’associe avec des fédérations sportives pour encourager la pratique du sport en milieu scolaire,"Le ministère de l’Éducation nationale et de la Formation professionnelle (MENFP) a signé trois protocoles d’accord avec les Fédérations haïtiennes de football, de basketball et de volley-ball, le vendredi 19 janvier 2024, au local de l’Inspection générale de l’Éducation nationale, à Musseau. Cette cérémonie, qui s’est déroulée en présence du ministre de l’Éducation nationale, Nesmy Manigat, et de représentants desdites fédérations, rentre dans le cadre des efforts déployés par le MENFP pour valoriser le sport dans les écoles.",/article/246430/le-menfp-sassocie-avec-des-federations-sportives-pour-encourager-la-pratique-du-sport-en-milieu-scolaire,https://cdn.lenouvelliste.com/shared/skeleton-image.webp
« Haïti-Louisiane: les Marées de la Liberté »,"Au 113 de la rue Chartres, Nouvelle-Orléans, ce vendredi 12 janvier 2024, les tambours du groupe RAM résonnent.",/article/246428/haiti-louisiane-les-marees-de-la-liberte,https://cdn.lenouvelliste.com/shared/skeleton-image.webp
Lol Fest Caraïbes 2024 vous attend !,Le Festival international du rire (LolFestCarïbes) revient en Haïti pour son édition 2024. Il se tiendra à Port-au-Prince du 19 au 21 janvier.,/article/246432/lol-fest-caraibes-2024-vous-attend,https://cdn.lenouvelliste.com/shared/skeleton-image.webp
C’est parti pour la 17e édition du PaPJazz,"Le festival international de jazz de Port-au-Prince (PaPJazz) a été officiellement lancé le jeudi 18 janvier 2024 par la Fondation Haïti Jazz, son organisateur. Cette grande manifestation culturelle qui se déroulera dans la capitale haïtienne du 25 au 28 janvier sera l’occasion pour des artistes de sept pays différents de faire connaissance avec les amoureux du jazz en Haïti.",/article/246433/cest-parti-pour-la-17e-edition-du-papjazz,https://cdn.lenouvelliste.com/shared/skeleton-image.webp
Solidarité en Haïti et dans le monde pour réclamer la libération de Douglas Pape,"Douglas Pape, le fils du docteur Jean William Pape, enlevé depuis le 28 novembre dernier, est encore aux mains de ses ravisseurs malgré plusieurs rançon versées. De nombreuses voix, en Haïti et à l’étranger ne cessent d’exiger sa libération.",/article/246421/solidarite-en-haiti-et-dans-le-monde-pour-reclamer-la-liberation-de-douglas-pape,https://cdn.lenouvelliste.com/shared/skeleton-image.webp
L’OEA exclut toute possibilité d’une « transition dans la transition » et souhaite un accord national,"La 4e réunion du Comité ad hoc consultatif restreint sur la situation en Haïti convoquée par la secrétaire générale de l’OIF a été l’occasion de débattre des perspectives pour une sortie de crise. Présent à cette réunion qui s’est tenue au pavillon d’Armenonville de Paris, Cristobal Dupouy, représentant spécial du secrétaire général de l’Organisation des États américains (OEA) en Haïti a présenté l’analyse et les perspectives de l’OEA pour une résolution de la crise en Haïti.",/article/246405/loea-exclut-toute-possibilite-dune-transition-dans-la-transition-et-souhaite-un-accord-national,https://cdn.lenouvelliste.com/shared/skeleton-image.webp
Dans l’attente de la réponse du gouvernement,Plusieurs départements du pays se sont réveillés en effervescence cette semaine.,/article/246422/dans-lattente-de-la-reponse-du-gouvernement,https://cdn.lenouvelliste.com/shared/skeleton-image.webp
MMAS:  les policiers kenyans complètent leur formation et attendent la décision du tribunal de Nairobi,Les policiers kényans qui doivent être déployés en Haïti ont terminé leur formation sont prêts à être déployés en Haïti.,/article/246420/mmas-les-policiers-kenyans-completent-leur-formation-et-attendent-la-decision-du-tribunal-de-nairobi,https://cdn.lenouvelliste.com/shared/skeleton-image.webp
Pierre Marie Boisson dénonce un tort fait aux bénéficiaires des transferts,"Pierre Marie Boisson, économiste de la Sogebank et membre du secteur privé des affaires, est invité à analyser chaque début d’année, à l’émission « Grand rendez-vous économique », animée par Kesner Pharel et diffusée sur radio télé Métropole et sur le Web, la situation de l'économie haïtienne et de l’économie mondiale.",/article/246377/pierre-marie-boisson-denonce-un-tort-fait-aux-beneficiaires-des-transferts,https://cdn.lenouvelliste.com/shared/skeleton-image.webp
Le MENFP sensibilise à la production de statistiques sur l'éducation,"Le ministère de l’Éducation nationale et de la formation professionnelle (MENFP) de concert avec l’Organisation des Nations unies pour l’éducation, la science et la culture (UNESCO) a procédé à l’ouverture d’un atelier de trois jours sur l’importance des données du système d’information de gestion de l'éducation (SIGE). L’ouverture officielle a eu lieu le mercredi 17 janvier 2024 à l'hôtel Montana en présence du représentant du ministre de l’Éducation nationale, Auguste D’meza et de la représentante de l’UNESCO, Tatiana Villegas-Zamora.",/article/246408/le-menfp-sensibilise-a-la-production-de-statistiques-sur-leducation,https://cdn.lenouvelliste.com/shared/skeleton-image.webp
Basket-ball: les perspectives de la FHB pour 2024,"À l'instar de l'année précédente, 2024 s'apprête à être une année assez productive pour la Fédération haïtienne de basketball. En effet, si elle a été l'instance sportive nationale la plus active durant l'année 2023, la FHB compte poursuivre sur cette voie. Elle prévoit de s'y prendre par la réalisation une nouvelle fois de plusieurs formations, l'organisation de divers tournois sur le plan local et la participation des équipes nationales aux tournois internationaux. Un programme qui promet d'être fourni.",/article/246402/basket-ball-les-perspectives-de-la-fhb-pour-2024,https://cdn.lenouvelliste.com/shared/skeleton-image.webp
Le Congrès américain évite de justesse une paralysie budgétaire du pays,"Le Congrès américain a adopté jeudi une mesure très attendue de budget provisoire pour l'Etat fédéral, repoussant ainsi le spectre tant redouté du ""shutdown"", une paralysie budgétaire partielle qui aurait touché plusieurs services non essentiels de l'administration.",/article/246412/le-congres-americain-evite-de-justesse-une-paralysie-budgetaire-du-pays,https://cdn.lenouvelliste.com/shared/skeleton-image.webp
Tifane : « Je suis toujours très engagée dans le monde musical »,"Si l’on vous parle des titres comme « Sekrè a », de « Bèl Moun » ou encore de « Se kòmsi »… Qui est-ce qui vous vient à l’esprit? Effectivement, c’est bien elle. Tifane. La chanteuse, dont la carrière a été officialisée en 2005, évolue encore dans le monde musical. Bien qu'elle ait été absente des scènes en Haïti pendant de nombreuses années, elle est en revanche présente aux États-Unis, au Canada, en France ou en Afrique. De plus, elle annonce pour bientôt la sortie d’une musique videoclippée suivie d’un nouvel opus, un extended-Play. Ticket vous donne des nouvelles de la « Fanm kreyòl ».",/article/246416/tifane-je-suis-toujours-tres-engagee-dans-le-monde-musical,https://cdn.lenouvelliste.com/shared/skeleton-image.webp
Nicolas Delépine: « On est là pour marquer l'histoire »,"Le sélectionneur national des Grenadières n'a pas caché ses ambitions en conférence de presse d'avant match, vendredi 21 juillet. Nicolas  Delépine a clairement dit qu'il souhaite marquer l'histoire avec les Grenadières en faisant "" une autre première fois "" avec Haïti dans cette phase finale de Coupe du monde.",/article/243517/nicolas-delepine-on-est-la-pour-marquer-lhistoire,https://cdn.lenouvelliste.com/shared/skeleton-image.webp
Titre non trouvé,Description non trouvée,Lien non trouvé,https://cdn.lenouvelliste.com/shared/skeleton-image.webp
Titre non trouvé,Description non trouvée,Lien non trouvé,https://cdn.lenouvelliste.com/shared/skeleton-image.webp
Titre non trouvé,Description non trouvée,Lien non trouvé,https://cdn.lenouvelliste.com/shared/skeleton-image.webp
Titre non trouvé,Description non trouvée,Lien non trouvé,https://cdn.lenouvelliste.com/shared/skeleton-image.webp
Titre non trouvé,Description non trouvée,Lien non trouvé,https://cdn.lenouvelliste.com/shared/skeleton-image.webp
Titre non trouvé,Description non trouvée,Lien non trouvé,https://cdn.lenouvelliste.com/shared/skeleton-image.webp
Titre non trouvé,Description non trouvée,Lien non trouvé,https://cdn.lenouvelliste.com/shared/skeleton-image.webp
Titre non trouvé,Description non trouvée,Lien non trouvé,https://cdn.lenouvelliste.com/shared/skeleton-image.webp
Titre non trouvé,Description non trouvée,Lien non trouvé,https://cdn.lenouvelliste.com/shared/skeleton-image.webp
Titre non trouvé,Description non trouvée,Lien non trouvé,https://cdn.lenouvelliste.com/shared/skeleton-image.webp
Titre non trouvé,Description non trouvée,Lien non trouvé,https://cdn.lenouvelliste.com/shared/skeleton-image.webp
Titre non trouvé,Description non trouvée,Lien non trouvé,https://cdn.lenouvelliste.com/shared/skeleton-image.webp
Titre non trouvé,Description non trouvée,Lien non trouvé,https://cdn.lenouvelliste.com/shared/skeleton-image.webp
Titre non trouvé,Description non trouvée,Lien non trouvé,https://cdn.lenouvelliste.com/shared/skeleton-image.webp
Titre non trouvé,Description non trouvée,Lien non trouvé,https://cdn.lenouvelliste.com/shared/skeleton-image.webp
Titre non trouvé,Description non trouvée,Lien non trouvé,https://cdn.lenouvelliste.com/shared/skeleton-image.webp
Titre non trouvé,Description non trouvée,Lien non trouvé,https://cdn.lenouvelliste.com/shared/skeleton-image.webp
Titre non trouvé,Description non trouvée,Lien non trouvé,https://cdn.lenouvelliste.com/shared/skeleton-image.webp
Titre non trouvé,Description non trouvée,Lien non trouvé,https://cdn.lenouvelliste.com/shared/skeleton-image.webp
Titre non trouvé,Description non trouvée,Lien non trouvé,https://cdn.lenouvelliste.com/shared/skeleton-image.webp
Titre non trouvé,Description non trouvée,Lien non trouvé,https://cdn.lenouvelliste.com/shared/skeleton-image.webp
Titre non trouvé,Description non trouvée,Lien non trouvé,https://cdn.lenouvelliste.com/shared/skeleton-image.webp
Titre non trouvé,Description non trouvée,Lien non trouvé,https://cdn.lenouvelliste.com/shared/skeleton-image.webp
Titre non trouvé,Description non trouvée,Lien non trouvé,https://cdn.lenouvelliste.com/shared/skeleton-image.webp
Titre non trouvé,Description non trouvée,Lien non trouvé,https://cdn.lenouvelliste.com/shared/skeleton-image.webp
Titre non trouvé,Description non trouvée,Lien non trouvé,https://cdn.lenouvelliste.com/shared/skeleton-image.webp
Titre non trouvé,Description non trouvée,Lien non trouvé,https://cdn.lenouvelliste.com/shared/skeleton-image.webp
Titre non trouvé,Description non trouvée,Lien non trouvé,https://cdn.lenouvelliste.com/shared/skeleton-image.webp
Titre non trouvé,Description non trouvée,Lien non trouvé,https://cdn.lenouvelliste.com/shared/skeleton-image.webp
Titre non trouvé,Description non trouvée,Lien non trouvé,https://cdn.lenouvelliste.com/shared/skeleton-image.webp
Titre non trouvé,Description non trouvée,Lien non trouvé,https://cdn.lenouvelliste.com/shared/skeleton-image.webp
Titre non trouvé,Description non trouvée,Lien non trouvé,https://cdn.lenouvelliste.com/shared/skeleton-image.webp
Titre non trouvé,Description non trouvée,Lien non trouvé,https://cdn.lenouvelliste.com/shared/skeleton-image.webp
Titre non trouvé,Description non trouvée,Lien non trouvé,https://cdn.lenouvelliste.com/shared/skeleton-image.webp
Titre non trouvé,Description non trouvée,Lien non trouvé,https://cdn.lenouvelliste.com/shared/skeleton-image.webp
Titre non trouvé,Description non trouvée,Lien non trouvé,https://cdn.lenouvelliste.com/shared/skeleton-image.webp
Titre non trouvé,Description non trouvée,Lien non trouvé,https://cdn.lenouvelliste.com/shared/skeleton-image.webp
Titre non trouvé,Description non trouvée,Lien non trouvé,https://cdn.lenouvelliste.com/shared/skeleton-image.webp
Titre non trouvé,Description non trouvée,Lien non trouvé,https://cdn.lenouvelliste.com/shared/skeleton-image.webp
Titre non trouvé,Description non trouvée,Lien non trouvé,https://cdn.lenouvelliste.com/shared/skeleton-image.webp
Titre non trouvé,Description non trouvée,Lien non trouvé,https://cdn.lenouvelliste.com/shared/skeleton-image.webp
Titre non trouvé,Description non trouvée,Lien non trouvé,https://cdn.lenouvelliste.com/shared/skeleton-image.webp
Titre non trouvé,Description non trouvée,Lien non trouvé,https://cdn.lenouvelliste.com/shared/skeleton-image.webp
Titre non trouvé,Description non trouvée,Lien non trouvé,https://cdn.lenouvelliste.com/shared/skeleton-image.webp
Titre non trouvé,Description non trouvée,Lien non trouvé,https://cdn.lenouvelliste.com/shared/skeleton-image.webp
Titre non trouvé,Description non trouvée,Lien non trouvé,https://cdn.lenouvelliste.com/shared/skeleton-image.webp
Titre non trouvé,Description non trouvée,Lien non trouvé,https://cdn.lenouvelliste.com/shared/skeleton-image.webp
Titre non trouvé,Description non trouvée,Lien non trouvé,https://cdn.lenouvelliste.com/shared/skeleton-image.webp
Titre non trouvé,Description non trouvée,Lien non trouvé,https://cdn.lenouvelliste.com/shared/skeleton-image.webp
Titre non trouvé,Description non trouvée,Lien non trouvé,https://cdn.lenouvelliste.com/shared/skeleton-image.webp
Titre non trouvé,Description non trouvée,Lien non trouvé,https://cdn.lenouvelliste.com/shared/skeleton-image.webp
Titre non trouvé,Description non trouvée,Lien non trouvé,https://cdn.lenouvelliste.com/shared/skeleton-image.webp
Titre non trouvé,Description non trouvée,Lien non trouvé,https://cdn.lenouvelliste.com/shared/skeleton-image.webp
Titre non trouvé,Description non trouvée,Lien non trouvé,https://cdn.lenouvelliste.com/shared/skeleton-image.webp
Titre non trouvé,Description non trouvée,Lien non trouvé,https://cdn.lenouvelliste.com/shared/skeleton-image.webp
Titre non trouvé,Description non trouvée,Lien non trouvé,https://cdn.lenouvelliste.com/shared/skeleton-image.webp
Titre non trouvé,Description non trouvée,Lien non trouvé,https://cdn.lenouvelliste.com/shared/skeleton-image.webp
Titre non trouvé,Description non trouvée,Lien non trouvé,https://cdn.lenouvelliste.com/shared/skeleton-image.webp
Titre non trouvé,Description non trouvée,Lien non trouvé,https://cdn.lenouvelliste.com/shared/skeleton-image.webp
Titre non trouvé,Description non trouvée,Lien non trouvé,https://cdn.lenouvelliste.com/shared/skeleton-image.webp
Titre non trouvé,Description non trouvée,Lien non trouvé,https://cdn.lenouvelliste.com/shared/skeleton-image.webp
Dossier CNE : arrestation de l’ex-député Cholzer Chancy,Description non trouvée,/a-la-minute,image non trouvée
titre non trouvée,Description non trouvée,https://lenouvelliste.com/article/246449/ron-desantis-abandonne-la-course-a-la-maison-blanche-et-soutiendra-trump,image non trouvée
Ron DeSantis abandonne la course à la Maison Blanche et soutiendra Trump,Description non trouvée,lien non trouvée,https://cdn.lenouvelliste.com/shared/skeleton-image.webp
Le pape demande la libération des six religieuses enlevées à Port-au-Prince,Description non trouvée,lien non trouvée,https://cdn.lenouvelliste.com/shared/skeleton-image.webp
Le MENFP s’associe avec des fédérations sportives pour encourager la pratique du sport en milieu scolaire,Description non trouvée,lien non trouvée,https://cdn.lenouvelliste.com/shared/skeleton-image.webp
C’est parti pour la 17e édition du PaPJazz,Description non trouvée,lien non trouvée,https://cdn.lenouvelliste.com/shared/skeleton-image.webp
Lol Fest Caraïbes 2024 vous attend !,Description non trouvée,lien non trouvée,https://cdn.lenouvelliste.com/shared/skeleton-image.webp
"« Un accord politique n'est pas nécessairement une condition préalable pour le déploiement de la MMAS », selon Maria Isabel Salvador",Description non trouvée,lien non trouvée,https://cdn.lenouvelliste.com/shared/skeleton-image.webp
Haïti n'a pas besoin de nouvelles promesses,Description non trouvée,lien non trouvée,https://cdn.lenouvelliste.com/shared/skeleton-image.webp
« Haïti-Louisiane: les Marées de la Liberté »,Description non trouvée,lien non trouvée,https://cdn.lenouvelliste.com/shared/skeleton-image.webp
Six religieuses de la Congrégation des sœurs de Ste-Anne enlevées à Port-au-Prince,Description non trouvée,lien non trouvée,https://cdn.lenouvelliste.com/shared/skeleton-image.webp
C’est parti pour la 17e édition du PaPJazz,Description non trouvée,lien non trouvée,https://cdn.lenouvelliste.com/shared/skeleton-image.webp
Haïti n'a pas besoin de nouvelles promesses,Description non trouvée,lien non trouvée,https://cdn.lenouvelliste.com/shared/skeleton-image.webp
L’OEA exclut toute possibilité d’une « transition dans la transition » et souhaite un accord national,Description non trouvée,lien non trouvée,https://cdn.lenouvelliste.com/shared/skeleton-image.webp
Basket-ball: les perspectives de la FHB pour 2024,Description non trouvée,lien non trouvée,https://cdn.lenouvelliste.com/shared/skeleton-image.webp
"Des annonces et des promesses pour favoriser une sortie de crise en Haïti, lors de la réunion de l’OIF",Description non trouvée,lien non trouvée,https://cdn.lenouvelliste.com/shared/skeleton-image.webp
"Pas de discussions réelles en vue de la sortie de crise, le Collectif du 30 janvier dénonce une campagne de propagande du pouvoir",Description non trouvée,lien non trouvée,https://cdn.lenouvelliste.com/shared/skeleton-image.webp
"Attaques armées et images de peyi lòk à Port-au-Prince, manifestations en province",Description non trouvée,lien non trouvée,https://cdn.lenouvelliste.com/shared/skeleton-image.webp
Pierre Marie Boisson dénonce un tort fait aux bénéficiaires des transferts,Description non trouvée,lien non trouvée,https://cdn.lenouvelliste.com/shared/skeleton-image.webp
Le Collège haïtien de cardiologie appelle à la libération du Dr Douglas Pape,Description non trouvée,lien non trouvée,https://cdn.lenouvelliste.com/shared/skeleton-image.webp
MMAS:  les policiers kenyans complètent leur formation et attendent la décision du tribunal de Nairobi,Description non trouvée,lien non trouvée,https://cdn.lenouvelliste.com/shared/skeleton-image.webp
Le MENFP sensibilise à la production de statistiques sur l'éducation,Description non trouvée,lien non trouvée,https://cdn.lenouvelliste.com/shared/skeleton-image.webp
Tifane : « Je suis toujours très engagée dans le monde musical »,Description non trouvée,lien non trouvée,https://cdn.lenouvelliste.com/shared/skeleton-image.webp
L’OEA exclut toute possibilité d’une « transition dans la transition » et souhaite un accord national,Description non trouvée,lien non trouvée,https://cdn.lenouvelliste.com/shared/skeleton-image.webp
"Attaques armées et images de peyi lòk à Port-au-Prince, manifestations en province",Description non trouvée,lien non trouvée,https://cdn.lenouvelliste.com/shared/skeleton-image.webp
"La péninsule du Sud au bord d’une crise humanitaire, témoignage d’un entrepreneur",Description non trouvée,lien non trouvée,https://cdn.lenouvelliste.com/shared/skeleton-image.webp
Le gouvernement au chevet de la BSAP,Description non trouvée,lien non trouvée,https://cdn.lenouvelliste.com/shared/skeleton-image.webp
"Concacaf U17 féminine, Marc Ogé voit Haïti se qualifier pour la Coupe du monde",Description non trouvée,lien non trouvée,https://cdn.lenouvelliste.com/shared/skeleton-image.webp
"L’action des gangs entrave les activités économiques dans le pays, se plaint Manuel Heusch- Desquiron",Description non trouvée,lien non trouvée,https://cdn.lenouvelliste.com/shared/skeleton-image.webp
Le gouvernement au chevet de la BSAP,Description non trouvée,lien non trouvée,https://cdn.lenouvelliste.com/shared/skeleton-image.webp
Le vent de janvier 2024,Description non trouvée,lien non trouvée,https://cdn.lenouvelliste.com/shared/skeleton-image.webp
Carrefour-Feuilles: Des familles piégées chez elles après une énième attaque des bandits,Description non trouvée,lien non trouvée,https://cdn.lenouvelliste.com/shared/skeleton-image.webp
"L’action des gangs entrave les activités économiques dans le pays, se plaint Manuel Heusch- Desquiron",Description non trouvée,lien non trouvée,https://cdn.lenouvelliste.com/shared/skeleton-image.webp
"La péninsule du Sud au bord d’une crise humanitaire, témoignage d’un entrepreneur",Description non trouvée,lien non trouvée,https://cdn.lenouvelliste.com/shared/skeleton-image.webp
"Concacaf U17 féminine, Marc Ogé voit Haïti se qualifier pour la Coupe du monde",Description non trouvée,lien non trouvée,https://cdn.lenouvelliste.com/shared/skeleton-image.webp
"L’action des gangs entrave les activités économiques dans le pays, se plaint Manuel Heusch- Desquiron",Description non trouvée,lien non trouvée,https://cdn.lenouvelliste.com/shared/skeleton-image.webp
